<?xml version="1.0" encoding="UTF-8"?>
<beans xmlns="http://www.springframework.org/schema/beans"
	xmlns:xsi="http://www.w3.org/2001/XMLSchema-instance" 
	xmlns:aop="http://www.springframework.org/schema/aop"	
	xmlns:context="http://www.springframework.org/schema/context"
	xmlns:util="http://www.springframework.org/schema/util"
	 xmlns:p="http://www.springframework.org/schema/p"
	 xmlns:tx="http://www.springframework.org/schema/tx"
	 xmlns:mvc="http://www.springframework.org/schema/mvc"
	xsi:schemaLocation="http://www.springframework.org/schema/beans 
	http://www.springframework.org/schema/beans/spring-beans-4.0.xsd
	 http://www.springframework.org/schema/context
     http://www.springframework.org/schema/context/spring-context-3.0.xsd
     http://www.springframework.org/schema/util 
     http://www.springframework.org/schema/util/spring-util-3.0.xsd
  http://www.springframework.org/schema/aop 
http://www.springframework.org/schema/aop/spring-aop.xsd
http://www.springframework.org/schema/mvc 
	http://www.springframework.org/schema/mvc/spring-mvc-3.2.xsd
	http://www.springframework.org/schema/tx 
		http://www.springframework.org/schema/tx/spring-tx-3.2.xsd">
	
	
	

	
	<!-- <bean id="gt1" class="com.cg.demo.bean.BirthdayWishImpl">
	<property name="name" value="kiran"></property>
	</bean> -->
	<bean id="gt1" init-method="setUp" destroy-method="tearDown" class="com.cg.demo.bean.BirthdayWishImpl"> <!-- Injecting using constructor -->
	<constructor-arg index="0" value="kiran"></constructor-arg>
	<constructor-arg index="1" value="2019"></constructor-arg>
	</bean>
	
	<bean id="gt2" scope="prototype" class="com.cg.demo.bean.NewYearWish">
	<property name="name" value="Gundeti"></property>
	</bean>
	<!-- Address Bean Definition -->
	<bean id="homeAdd1" class="com.cg.demo.bean.Addresss"> 
	<property name="landmark" value="adfef"/>
	<property name="city" value="pune"/>
	<property name="state" value="ms"/>
	</bean>
	
	<bean id="offAdd1" class="com.cg.demo.bean.Addresss">
	<property name="landmark" value="adfef"/>
	<property name="city" value="warangal"/>
	<property name="state" value="tg"/>
	</bean>
	
<!-- 	<bean id ="emp1" class="com.cg.demo.bean.Employee">
	<property name="empId" value="112081"/>
	<property name="empName" value="kiran"/>
	<property name="empSal" value="1000.0"/>
	<property name ="empAdd" ref="homeAdd1"/> wiring/Injecting(address bean to employee bean) address to the employee address
	<property name="depts">
	<list><value>java</value>
	<value>Oracle</value>
	<value>BI</value>
	</list>
	</property>
	</bean> -->
	<!-- <bean id ="emp1" class="com.cg.demo.bean.Employee">
	<property name="empId" value="112081"/>
	<property name="empName" value="kiran"/>
	<property name="empSal" value="1000.0"/>
	<property name ="empAdd" ref="homeAdd1"/> 
	<property name="depts">
	<list><value>java</value>
	<value>Oracle</value>
	<value>BI</value>
	</list>
	</property>
	</bean> -->
	
	
	<bean id="placeHolderConfig" class="org.springframework.beans.factory.config.PropertyPlaceholderConfigurer">  <!-- For getting value from a properties file we need to use the codes -->
	<property name="location" value="empinfo1.properties"/></bean>
	
	
	
	<!-- Date Configure -->
	<bean class="org.springframework.beans.factory.config.CustomEditorConfigurer">
	<property name="customEditors">
	<map>
	<entry key="java.time.LocalDate" value="com.cg.demo.bean.MyDateEditor"/>
	</map>
	</property>
	</bean>
	
	
	<bean id ="emp1" class="com.cg.demo.bean.Employee">
	<property name="empId" value="112081"/>
	<property name="empName" value="kiran"/>
	<property name="empSal" value="1000.0"/>
	<property name ="empAdd" ref="homeAdd1"/> 
	<property name="empDOJ">
	<value>getDOJ</value>
	</property>
	<property name="depts">
	<list><value>java</value>
	<value>Oracle</value>
	<value>BI</value>
	</list>
	</property>
	</bean>
	
	
	<!-- <bean id ="emp2" class="com.cg.demo.bean.Employee">
		<property name="empId" value="${eid}"/>     For injecting values using the Properties file
	<property name="empName" value="${enm}"/>
	<property name="empSal" value="${esal}"/>
	<property name ="empAdd" ref="offAdd1"/> 
	<property name="depts">
	<list><value>Testing</value>
	<value>Admin</value>
	</list>
	</property>
	</bean>
	 -->

</beans>