<?xml version="1.0" encoding="UTF-8"?>
<beans xmlns="http://www.springframework.org/schema/beans"
	xmlns:xsi="http://www.w3.org/2001/XMLSchema-instance" 
	xmlns:aop="http://www.springframework.org/schema/aop"	
	xmlns:context="http://www.springframework.org/schema/context"
	xmlns:util="http://www.springframework.org/schema/util"
	 xmlns:p="http://www.springframework.org/schema/p"
	 xmlns:tx="http://www.springframework.org/schema/tx"
	 xmlns:mvc="http://www.springframework.org/schema/mvc"
	xsi:schemaLocation="http://www.springframework.org/schema/beans 
	http://www.springframework.org/schema/beans/spring-beans-4.0.xsd
	 http://www.springframework.org/schema/context
     http://www.springframework.org/schema/context/spring-context-3.0.xsd
     http://www.springframework.org/schema/util 
     http://www.springframework.org/schema/util/spring-util-3.0.xsd
  http://www.springframework.org/schema/aop 
http://www.springframework.org/schema/aop/spring-aop.xsd
http://www.springframework.org/schema/mvc 
	http://www.springframework.org/schema/mvc/spring-mvc-3.2.xsd
	http://www.springframework.org/schema/tx 
		http://www.springframework.org/schema/tx/spring-tx-3.2.xsd">
		
		<context:component-scan base-package="com.cg.ex.bean"></context:component-scan>
	
	<bean id="emp1" class="com.cg.ex.bean.Employee">
	<property name="empId" value="177828"></property>
	<property name="empName" value="kiran"></property>
	<property name="salary" value="2500"></property>
	<property name="sbu" ref="bu1"></property> 
	<property name="age" value="23"></property>
	</bean>
	
	<bean id ="bu1" class="com.cg.ex.bean.SBU">
	<property name="sbuId" value="122345"></property>
	<property name="sbuName" value="PES-BU"/>
	<property name="sbuHead" value="as"/>
	</bean>
</beans>