<?xml version="1.0" encoding="UTF-8"?>
<beans xmlns="http://www.springframework.org/schema/beans"
	xmlns:xsi="http://www.w3.org/2001/XMLSchema-instance"
	xmlns:aop="http://www.springframework.org/schema/aop"
	xmlns:context="http://www.springframework.org/schema/context"
	xmlns:util="http://www.springframework.org/schema/util"
	xmlns:p="http://www.springframework.org/schema/p"
	xmlns:tx="http://www.springframework.org/schema/tx"
	xmlns:mvc="http://www.springframework.org/schema/mvc"
	xsi:schemaLocation="http://www.springframework.org/schema/beans 
	http://www.springframework.org/schema/beans/spring-beans-4.0.xsd
	 http://www.springframework.org/schema/context
     http://www.springframework.org/schema/context/spring-context-3.0.xsd
     http://www.springframework.org/schema/util 
     http://www.springframework.org/schema/util/spring-util-3.0.xsd
  http://www.springframework.org/schema/aop 
http://www.springframework.org/schema/aop/spring-aop.xsd
http://www.springframework.org/schema/mvc 
	http://www.springframework.org/schema/mvc/spring-mvc-3.2.xsd
	http://www.springframework.org/schema/tx 
		http://www.springframework.org/schema/tx/spring-tx-3.2.xsd">

  <bean id="sbu" class="com.cg.demo.bean.SBU">
		<property name="sbuId" value="1780"/>
		<property name="sbuName" value="amol tompe"/>
		<property name="sbuHead" value="komal"/>
	</bean>	
	
	
	<bean id="emp1" class="com.cg.demo.bean.Employee">
		<property name="eId" value="178035"/>
		<property name="ename" value="rohini tompe"/>
		<property name="salary" value="178000"/>
		<property name="age" value="17"/>
		<property name="buisnessUnit" ref="sbu"/>
	</bean>	
	
		

</beans>