[
  {
    "group": "store",
    "name": "customers",
    "items": [
      {
        "id": "robert.smith@email.com",
        "firstName": "Robert",
        "lastName": "SMITH",
        "address": "7407 Beech Street Hollis, NY 11423",
        "deliveryAddress": "7407 Beech Street Hollis, NY 11423",
        "password": "robbie"
      }
    ]
  },
  {
    "group": "store",
    "name": "categories",
    "items": [
      {
        "name": "Laptops",
        "urlImg": "/images/categories/laptops.jpg",
        "products": [
          {
            "designation": "ChromeBook Pixel",
            "summary": "The Chromebook Pixel is a laptop that brings together the best in hardware, software, and design to inspire future innovation.",
            "details": "4.3 million pixels – each invisible to the unaided eye – work together to deliver crisp text, vivid colors, and extra wide viewing angles. The 12.85” screen has the highest pixel density of any laptop, and a 3:2 photographic format designed for the web puts every one of those pixels to good use.",
            "picture": "/images/products/photo-chromebook-pixel.jpg",
            "price": 1299.0
          }
        ]
      }
    ]
  }
]
